{
  "Resolution_Type": {
    "Profit_N_Loss_Statement": {
      "parameters": ["customer_id", "account_number", "mobile_number", "duration", "trading_account_number", "dp_account_number"],
      "request_keywords": ["profit and loss", "P&L", "statement of profit", "income statement"]
    },
    "Capital_Gain": {
      "parameters": ["customer_id", "account_number", "mobile_number", "duration", "trading_account_number", "dp_account_number"],
      "request_keywords": ["capital gain", "capital gains report", "cg report", "tax gain", "capital statement"]
    },
    "Trade_Reports": {
      "parameters": ["customer_id", "account_number", "mobile_number", "duration", "trading_account_number", "dp_account_number", "products_trade"],
      "request_keywords": ["trade report", "trade summary", "trading activity", "trading report"]
    },
    "Mutual_Fund_Order": {
      "parameters": ["customer_id", "account_number", "mobile_number", "duration", "trading_account_number", "dp_account_number"],
      "request_keywords": ["mutual fund order", "mf order", "mutual fund purchase", "mf transaction"]
    },
    "Financial_Ledger": {
      "parameters": ["customer_id", "account_number", "mobile_number", "duration", "trading_account_number", "dp_account_number"],
      "request_keywords": ["financial ledger", "ledger report", "fund statement", "account ledger"]
    },
    "Holding": {
      "parameters": ["customer_id", "account_number", "mobile_number", "duration", "trading_account_number", "dp_account_number"],
      "request_keywords": ["holding", "holding statement", "portfolio", "investment holdings"]
    },
    "Trans_Chain": {
      "parameters": ["customer_id", "account_number", "mobile_number", "duration", "trading_account_number", "dp_account_number"],
      "request_keywords": ["transaction chain", "trans & chain", "transaction trail", "activity chain"]
    }
  },
  "Parameters_KeyWords": {
    "customer_id": ["customer id", "cust id", "client id", "CID"],
    "account_number": ["account number", "a/c number", "ac no", "account no"],
    "duration": ["from", "to", "for the month", "between", "statement period", "period of"],
    "trading_account_number": ["trading a/c no", "trading ac no", "trd ac no"],
    "dp_account_number": ["dp a/c no"],
    "mobile_number": ["mobile number", "phone number", "contact number", "mobile no"],
    "products_trade": ["equity trade", "eq trade", "slb trad", "fno trade", "f&o trade", "future and options trade", "future & options trade"]
  },
  "search_patterns": {
    "duration": [
      "(?:for the period of|from|between)\\s*((?:[A-Za-z]+\\s+\\d{4})(?:\\s+to\\s+|,\\s*and\\s*)(?:[A-Za-z]+\\s+\\d{4}))",
      "for the (current|last|previous)?\\s*(financial year|month|quarter)"
    ],
    "mobile_number": [
      "(?:mobile number|phone number|contact number|mobile no)\\s*(?:is|:|=)?\\s*(\\d{10})"
    ],
    "common": [
      "(?:${keyword})\\s*(?:is|:|=)?\\s*(\\d+)"
    ]
  }
}
